{
  "version": {
    "mean": 0.19167048798666667
  },
  "show-projects": {
    "mean": 0.3175356958533333
  },
  "lint-warm": {
    "mean": 2.52880866802
  }
}
